{
  "step_qonnx_to_finn": 5.221366882324219e-05,
  "step_tidy_up": 0.006626129150390625,
  "step_streamline": 0.2842378616333008,
  "step_convert_to_hw": 0.0020644664764404297,
  "step_create_dataflow_partition": 0.007628202438354492,
  "step_specialize_layers": 0.003793001174926758,
  "step_target_fps_parallelization": 0.004267215728759766,
  "step_apply_folding_config": 6.4373016357421875e-06,
  "step_minimize_bit_width": 0.02182483673095703,
  "step_generate_estimate_reports": 0.010718345642089844
}